{"images":[{"id":1,"file_name":"image-1.jpeg","width":868,"height":1156}],"type":"instances","annotations":[{"segmentation":[158,32,158,268,375,268,375,32],"area":51212,"iscrowd":0,"ignore":0,"image_id":1,"bbox":[158,32,217,236],"category_id":2,"id":1},{"segmentation":[206,271,206,572,448,572,448,271],"area":72842,"iscrowd":0,"ignore":0,"image_id":1,"bbox":[206,271,242,301],"category_id":1,"id":2},{"segmentation":[405,524,405,750,587,750,587,524],"area":41132,"iscrowd":0,"ignore":0,"image_id":1,"bbox":[405,524,182,226],"category_id":3,"id":3}],"categories":[{"supercategory":"none","id":1,"name":"Rahi"},{"supercategory":"none","id":2,"name":"Ryaan"},{"supercategory":"none","id":3,"name":"Alen"},{"supercategory":"none","id":4,"name":"Saima"},{"supercategory":"none","id":5,"name":"Chaman"},{"supercategory":"none","id":6,"name":"Sahil"}]}