{"images":[{"id":1,"file_name":"image-3.jpeg","width":958,"height":1280}],"type":"instances","annotations":[{"segmentation":[372,136,372,504,624,504,624,136],"area":92736,"iscrowd":0,"ignore":0,"image_id":1,"bbox":[372,136,252,368],"category_id":1,"id":1},{"segmentation":[38,228,38,614,338,614,338,228],"area":115800,"iscrowd":0,"ignore":0,"image_id":1,"bbox":[38,228,300,386],"category_id":2,"id":2},{"segmentation":[607,232,607,643,926,643,926,232],"area":131109,"iscrowd":0,"ignore":0,"image_id":1,"bbox":[607,232,319,411],"category_id":4,"id":3},{"segmentation":[319,494,319,742,607,742,607,494],"area":71424,"iscrowd":0,"ignore":0,"image_id":1,"bbox":[319,494,288,248],"category_id":3,"id":4}],"categories":[{"supercategory":"none","id":1,"name":"Rahi"},{"supercategory":"none","id":2,"name":"Ryaan"},{"supercategory":"none","id":3,"name":"Alen"},{"supercategory":"none","id":4,"name":"Saima"},{"supercategory":"none","id":5,"name":"Chaman"},{"supercategory":"none","id":6,"name":"Sahil"}]}