{"images":[{"id":1,"file_name":"image-2.jpeg","width":1156,"height":868}],"type":"instances","annotations":[{"segmentation":[664,290,664,499,957,499,957,290],"area":61237,"iscrowd":0,"ignore":0,"image_id":1,"bbox":[664,290,293,209],"category_id":1,"id":1},{"segmentation":[603,503,603,664,867,664,867,503],"area":42504,"iscrowd":0,"ignore":0,"image_id":1,"bbox":[603,503,264,161],"category_id":3,"id":2}],"categories":[{"supercategory":"none","id":1,"name":"Rahi"},{"supercategory":"none","id":2,"name":"Ryaan"},{"supercategory":"none","id":3,"name":"Alen"},{"supercategory":"none","id":4,"name":"Saima"},{"supercategory":"none","id":5,"name":"Chaman"},{"supercategory":"none","id":6,"name":"Sahil"}]}