<?xml version="1.0"?>
<annotation>
<folder>data</folder>
<filename>image-1.jpeg</filename>
<path/>
<source>
<database>Unknown</database>
</source>
<size>
<width>868</width>
<height>1156</height>
<depth>3</depth>
</size>
<segmented>0</segmented>
<object>
<name>Ryaan</name>
<pose>Unspecified</pose>
<truncated>0</truncated>
<occluded>0</occluded>
<difficult>0</difficult>
<bndbox>
<xmin>158</xmin>
<ymin>32</ymin>
<xmax>375</xmax>
<ymax>268</ymax>
</bndbox>
</object>
<object>
<name>Rahi</name>
<pose>Unspecified</pose>
<truncated>0</truncated>
<occluded>0</occluded>
<difficult>0</difficult>
<bndbox>
<xmin>206</xmin>
<ymin>271</ymin>
<xmax>448</xmax>
<ymax>572</ymax>
</bndbox>
</object>
<object>
<name>Alen</name>
<pose>Unspecified</pose>
<truncated>0</truncated>
<occluded>0</occluded>
<difficult>0</difficult>
<bndbox>
<xmin>405</xmin>
<ymin>524</ymin>
<xmax>587</xmax>
<ymax>750</ymax>
</bndbox>
</object>
</annotation>