<?xml version="1.0"?>
<annotation>
<folder>data</folder>
<filename>image-3.jpeg</filename>
<path/>
<source>
<database>Unknown</database>
</source>
<size>
<width>958</width>
<height>1280</height>
<depth>3</depth>
</size>
<segmented>0</segmented>
<object>
<name>Rahi</name>
<pose>Unspecified</pose>
<truncated>0</truncated>
<occluded>0</occluded>
<difficult>0</difficult>
<bndbox>
<xmin>372</xmin>
<ymin>136</ymin>
<xmax>624</xmax>
<ymax>504</ymax>
</bndbox>
</object>
<object>
<name>Ryaan</name>
<pose>Unspecified</pose>
<truncated>0</truncated>
<occluded>0</occluded>
<difficult>0</difficult>
<bndbox>
<xmin>38</xmin>
<ymin>228</ymin>
<xmax>338</xmax>
<ymax>614</ymax>
</bndbox>
</object>
<object>
<name>Saima</name>
<pose>Unspecified</pose>
<truncated>0</truncated>
<occluded>0</occluded>
<difficult>0</difficult>
<bndbox>
<xmin>607</xmin>
<ymin>232</ymin>
<xmax>926</xmax>
<ymax>643</ymax>
</bndbox>
</object>
<object>
<name>Alen</name>
<pose>Unspecified</pose>
<truncated>0</truncated>
<occluded>0</occluded>
<difficult>0</difficult>
<bndbox>
<xmin>319</xmin>
<ymin>494</ymin>
<xmax>607</xmax>
<ymax>742</ymax>
</bndbox>
</object>
</annotation>