<?xml version="1.0"?>
<annotation>
<folder>data</folder>
<filename>image-4.jpeg</filename>
<path/>
<source>
<database>Unknown</database>
</source>
<size>
<width>1156</width>
<height>868</height>
<depth>3</depth>
</size>
<segmented>0</segmented>
<object>
<name>Rahi</name>
<pose>Unspecified</pose>
<truncated>0</truncated>
<occluded>0</occluded>
<difficult>0</difficult>
<bndbox>
<xmin>688</xmin>
<ymin>184</ymin>
<xmax>1042</xmax>
<ymax>435</ymax>
</bndbox>
</object>
<object>
<name>Alen</name>
<pose>Unspecified</pose>
<truncated>0</truncated>
<occluded>0</occluded>
<difficult>0</difficult>
<bndbox>
<xmin>620</xmin>
<ymin>455</ymin>
<xmax>1027</xmax>
<ymax>669</ymax>
</bndbox>
</object>
</annotation>