<?xml version="1.0"?>
<annotation>
<folder>data</folder>
<filename>image-2.jpeg</filename>
<path/>
<source>
<database>Unknown</database>
</source>
<size>
<width>1156</width>
<height>868</height>
<depth>3</depth>
</size>
<segmented>0</segmented>
<object>
<name>Rahi</name>
<pose>Unspecified</pose>
<truncated>0</truncated>
<occluded>0</occluded>
<difficult>0</difficult>
<bndbox>
<xmin>664</xmin>
<ymin>290</ymin>
<xmax>957</xmax>
<ymax>499</ymax>
</bndbox>
</object>
<object>
<name>Alen</name>
<pose>Unspecified</pose>
<truncated>0</truncated>
<occluded>0</occluded>
<difficult>0</difficult>
<bndbox>
<xmin>603</xmin>
<ymin>503</ymin>
<xmax>867</xmax>
<ymax>664</ymax>
</bndbox>
</object>
</annotation>