{"images":[{"id":1,"file_name":"image-4.jpeg","width":1156,"height":868}],"type":"instances","annotations":[{"segmentation":[688,184,688,435,1042,435,1042,184],"area":88854,"iscrowd":0,"ignore":0,"image_id":1,"bbox":[688,184,354,251],"category_id":1,"id":1},{"segmentation":[620,455,620,669,1027,669,1027,455],"area":87098,"iscrowd":0,"ignore":0,"image_id":1,"bbox":[620,455,407,214],"category_id":3,"id":2}],"categories":[{"supercategory":"none","id":1,"name":"Rahi"},{"supercategory":"none","id":2,"name":"Ryaan"},{"supercategory":"none","id":3,"name":"Alen"},{"supercategory":"none","id":4,"name":"Saima"},{"supercategory":"none","id":5,"name":"Chaman"},{"supercategory":"none","id":6,"name":"Sahil"}]}